"","Location","Date","Water.level..m.surface.level.","stationTyp"
"4769","TUNNELWEG","01.01.19",57.95,"Groundwater Well"
"4770","TUNNELWEG","02.01.19",57.94,"Groundwater Well"
"4771","TUNNELWEG","03.01.19",57.98,"Groundwater Well"
"4772","TUNNELWEG","04.01.19",57.99,"Groundwater Well"
"4773","TUNNELWEG","05.01.19",57.97,"Groundwater Well"
"4774","TUNNELWEG","06.01.19",57.95,"Groundwater Well"
"4775","TUNNELWEG","07.01.19",57.96,"Groundwater Well"
"4776","TUNNELWEG","08.01.19",57.89,"Groundwater Well"
"4777","TUNNELWEG","09.01.19",57.85,"Groundwater Well"
"4778","TUNNELWEG","10.01.19",57.88,"Groundwater Well"
"4779","TUNNELWEG","11.01.19",57.91,"Groundwater Well"
"4780","TUNNELWEG","12.01.19",57.9,"Groundwater Well"
"4781","TUNNELWEG","13.01.19",57.82,"Groundwater Well"
"4782","TUNNELWEG","14.01.19",57.76,"Groundwater Well"
"4783","TUNNELWEG","15.01.19",57.85,"Groundwater Well"
"4784","TUNNELWEG","16.01.19",57.83,"Groundwater Well"
"4785","TUNNELWEG","17.01.19",57.74,"Groundwater Well"
"4786","TUNNELWEG","18.01.19",57.79,"Groundwater Well"
"4787","TUNNELWEG","19.01.19",57.84,"Groundwater Well"
"4788","TUNNELWEG","20.01.19",57.8,"Groundwater Well"
"4789","TUNNELWEG","21.01.19",57.85,"Groundwater Well"
"4790","TUNNELWEG","22.01.19",57.84,"Groundwater Well"
"4791","TUNNELWEG","23.01.19",57.72,"Groundwater Well"
"4792","TUNNELWEG","24.01.19",57.74,"Groundwater Well"
"4793","TUNNELWEG","25.01.19",57.8,"Groundwater Well"
"4794","TUNNELWEG","26.01.19",57.79,"Groundwater Well"
"4795","TUNNELWEG","27.01.19",57.68,"Groundwater Well"
"4796","TUNNELWEG","28.01.19",57.63,"Groundwater Well"
"4797","TUNNELWEG","29.01.19",57.73,"Groundwater Well"
"4798","TUNNELWEG","30.01.19",57.67,"Groundwater Well"
"4799","TUNNELWEG","31.01.19",57.66,"Groundwater Well"
"4800","TUNNELWEG","01.02.19",57.62,"Groundwater Well"
"4801","TUNNELWEG","02.02.19",57.62,"Groundwater Well"
"4802","TUNNELWEG","03.02.19",57.74,"Groundwater Well"
"4803","TUNNELWEG","04.02.19",57.87,"Groundwater Well"
"4804","TUNNELWEG","05.02.19",57.87,"Groundwater Well"
"4805","TUNNELWEG","06.02.19",57.88,"Groundwater Well"
"4806","TUNNELWEG","07.02.19",57.81,"Groundwater Well"
"4807","TUNNELWEG","08.02.19",57.78,"Groundwater Well"
"4808","TUNNELWEG","09.02.19",57.71,"Groundwater Well"
"4809","TUNNELWEG","10.02.19",57.74,"Groundwater Well"
"4810","TUNNELWEG","11.02.19",57.7,"Groundwater Well"
"4811","TUNNELWEG","12.02.19",57.89,"Groundwater Well"
"4812","TUNNELWEG","13.02.19",57.94,"Groundwater Well"
"4813","TUNNELWEG","14.02.19",57.95,"Groundwater Well"
"4814","TUNNELWEG","15.02.19",57.93,"Groundwater Well"
"4815","TUNNELWEG","16.02.19",57.89,"Groundwater Well"
"4816","TUNNELWEG","17.02.19",57.88,"Groundwater Well"
"4817","TUNNELWEG","18.02.19",57.84,"Groundwater Well"
"4818","TUNNELWEG","19.02.19",57.82,"Groundwater Well"
"4819","TUNNELWEG","20.02.19",57.85,"Groundwater Well"
"4820","TUNNELWEG","21.02.19",57.88,"Groundwater Well"
"4821","TUNNELWEG","22.02.19",57.92,"Groundwater Well"
"4822","TUNNELWEG","23.02.19",57.97,"Groundwater Well"
"4823","TUNNELWEG","24.02.19",57.97,"Groundwater Well"
"4824","TUNNELWEG","25.02.19",57.97,"Groundwater Well"
"4825","TUNNELWEG","26.02.19",57.97,"Groundwater Well"
"4826","TUNNELWEG","27.02.19",57.94,"Groundwater Well"
"4827","TUNNELWEG","28.02.19",57.86,"Groundwater Well"
"4828","TUNNELWEG","01.03.19",57.82,"Groundwater Well"
"4829","TUNNELWEG","02.03.19",57.84,"Groundwater Well"
"4830","TUNNELWEG","03.03.19",57.8,"Groundwater Well"
"4831","TUNNELWEG","04.03.19",57.72,"Groundwater Well"
"4832","TUNNELWEG","05.03.19",57.72,"Groundwater Well"
"4833","TUNNELWEG","06.03.19",57.77,"Groundwater Well"
"4834","TUNNELWEG","07.03.19",57.67,"Groundwater Well"
"4835","TUNNELWEG","08.03.19",57.71,"Groundwater Well"
"4836","TUNNELWEG","09.03.19",57.78,"Groundwater Well"
"4837","TUNNELWEG","10.03.19",57.8,"Groundwater Well"
"4838","TUNNELWEG","11.03.19",57.79,"Groundwater Well"
"4839","TUNNELWEG","12.03.19",57.87,"Groundwater Well"
"4840","TUNNELWEG","13.03.19",57.74,"Groundwater Well"
"4841","TUNNELWEG","14.03.19",57.76,"Groundwater Well"
"4842","TUNNELWEG","15.03.19",57.74,"Groundwater Well"
"4843","TUNNELWEG","16.03.19",57.75,"Groundwater Well"
"4844","TUNNELWEG","17.03.19",57.7,"Groundwater Well"
"4845","TUNNELWEG","18.03.19",57.75,"Groundwater Well"
"4846","TUNNELWEG","19.03.19",57.85,"Groundwater Well"
"4847","TUNNELWEG","20.03.19",57.91,"Groundwater Well"
"4848","TUNNELWEG","21.03.19",57.93,"Groundwater Well"
"4849","TUNNELWEG","22.03.19",57.92,"Groundwater Well"
"4850","TUNNELWEG","23.03.19",57.89,"Groundwater Well"
"4851","TUNNELWEG","24.03.19",57.9,"Groundwater Well"
"4852","TUNNELWEG","25.03.19",57.87,"Groundwater Well"
"4853","TUNNELWEG","26.03.19",57.9,"Groundwater Well"
"4854","TUNNELWEG","27.03.19",57.92,"Groundwater Well"
"4855","TUNNELWEG","28.03.19",57.94,"Groundwater Well"
"4856","TUNNELWEG","29.03.19",57.94,"Groundwater Well"
"4857","TUNNELWEG","30.03.19",57.88,"Groundwater Well"
"4858","TUNNELWEG","31.03.19",57.85,"Groundwater Well"
"4859","TUNNELWEG","01.04.19",57.87,"Groundwater Well"
"4860","TUNNELWEG","02.04.19",57.81,"Groundwater Well"
"4861","TUNNELWEG","03.04.19",57.73,"Groundwater Well"
"4862","TUNNELWEG","04.04.19",57.7,"Groundwater Well"
"4863","TUNNELWEG","05.04.19",57.72,"Groundwater Well"
"4864","TUNNELWEG","06.04.19",57.73,"Groundwater Well"
"4865","TUNNELWEG","07.04.19",57.72,"Groundwater Well"
"4866","TUNNELWEG","08.04.19",57.74,"Groundwater Well"
"4867","TUNNELWEG","09.04.19",57.77,"Groundwater Well"
"4868","TUNNELWEG","10.04.19",57.77,"Groundwater Well"
"4869","TUNNELWEG","11.04.19",57.82,"Groundwater Well"
"4870","TUNNELWEG","12.04.19",57.86,"Groundwater Well"
"4871","TUNNELWEG","13.04.19",57.87,"Groundwater Well"
"4872","TUNNELWEG","14.04.19",57.86,"Groundwater Well"
"4873","TUNNELWEG","15.04.19",57.88,"Groundwater Well"
"4874","TUNNELWEG","16.04.19",57.83,"Groundwater Well"
"4875","TUNNELWEG","17.04.19",57.83,"Groundwater Well"
"4876","TUNNELWEG","18.04.19",57.86,"Groundwater Well"
"4877","TUNNELWEG","19.04.19",57.87,"Groundwater Well"
"4878","TUNNELWEG","20.04.19",57.9,"Groundwater Well"
"4879","TUNNELWEG","21.04.19",57.88,"Groundwater Well"
"4880","TUNNELWEG","22.04.19",57.81,"Groundwater Well"
"4881","TUNNELWEG","23.04.19",57.73,"Groundwater Well"
"4882","TUNNELWEG","24.04.19",57.68,"Groundwater Well"
"4883","TUNNELWEG","25.04.19",57.73,"Groundwater Well"
"4884","TUNNELWEG","26.04.19",57.76,"Groundwater Well"
"4885","TUNNELWEG","27.04.19",57.8,"Groundwater Well"
"4886","TUNNELWEG","28.04.19",57.81,"Groundwater Well"
"4887","TUNNELWEG","29.04.19",57.86,"Groundwater Well"
"4888","TUNNELWEG","30.04.19",57.87,"Groundwater Well"
"4889","TUNNELWEG","01.05.19",57.85,"Groundwater Well"
"4890","TUNNELWEG","02.05.19",57.81,"Groundwater Well"
"4891","TUNNELWEG","03.05.19",57.78,"Groundwater Well"
"4892","TUNNELWEG","04.05.19",57.78,"Groundwater Well"
"4893","TUNNELWEG","05.05.19",57.81,"Groundwater Well"
"4894","TUNNELWEG","06.05.19",57.86,"Groundwater Well"
"4895","TUNNELWEG","07.05.19",57.85,"Groundwater Well"
"4896","TUNNELWEG","08.05.19",57.79,"Groundwater Well"
"4897","TUNNELWEG","09.05.19",57.68,"Groundwater Well"
"4898","TUNNELWEG","10.05.19",57.72,"Groundwater Well"
"4899","TUNNELWEG","11.05.19",57.77,"Groundwater Well"
"4900","TUNNELWEG","12.05.19",57.86,"Groundwater Well"
"4901","TUNNELWEG","13.05.19",57.95,"Groundwater Well"
"4902","TUNNELWEG","14.05.19",57.95,"Groundwater Well"
"4903","TUNNELWEG","15.05.19",57.9,"Groundwater Well"
"4904","TUNNELWEG","16.05.19",57.86,"Groundwater Well"
"4905","TUNNELWEG","17.05.19",57.78,"Groundwater Well"
"4906","TUNNELWEG","18.05.19",57.74,"Groundwater Well"
"4907","TUNNELWEG","19.05.19",57.74,"Groundwater Well"
"4908","TUNNELWEG","20.05.19",57.74,"Groundwater Well"
"4909","TUNNELWEG","21.05.19",57.76,"Groundwater Well"
"4910","TUNNELWEG","22.05.19",57.81,"Groundwater Well"
"4911","TUNNELWEG","23.05.19",57.84,"Groundwater Well"
"4912","TUNNELWEG","24.05.19",57.81,"Groundwater Well"
"4913","TUNNELWEG","25.05.19",57.81,"Groundwater Well"
"4914","TUNNELWEG","26.05.19",57.82,"Groundwater Well"
"4915","TUNNELWEG","27.05.19",57.78,"Groundwater Well"
"4916","TUNNELWEG","28.05.19",57.75,"Groundwater Well"
"4917","TUNNELWEG","29.05.19",57.8,"Groundwater Well"
"4918","TUNNELWEG","30.05.19",57.85,"Groundwater Well"
"4919","TUNNELWEG","31.05.19",57.87,"Groundwater Well"
"4920","TUNNELWEG","01.06.19",57.87,"Groundwater Well"
"4921","TUNNELWEG","02.06.19",57.83,"Groundwater Well"
"4922","TUNNELWEG","03.06.19",57.78,"Groundwater Well"
"4923","TUNNELWEG","04.06.19",57.8,"Groundwater Well"
"4924","TUNNELWEG","05.06.19",57.74,"Groundwater Well"
"4925","TUNNELWEG","06.06.19",57.73,"Groundwater Well"
"4926","TUNNELWEG","07.06.19",57.8,"Groundwater Well"
"4927","TUNNELWEG","08.06.19",57.76,"Groundwater Well"
"4928","TUNNELWEG","09.06.19",57.86,"Groundwater Well"
"4929","TUNNELWEG","10.06.19",57.82,"Groundwater Well"
"4930","TUNNELWEG","11.06.19",57.78,"Groundwater Well"
"4931","TUNNELWEG","12.06.19",57.78,"Groundwater Well"
"4932","TUNNELWEG","13.06.19",57.77,"Groundwater Well"
"4933","TUNNELWEG","14.06.19",57.79,"Groundwater Well"
"4934","TUNNELWEG","15.06.19",57.77,"Groundwater Well"
"4935","TUNNELWEG","16.06.19",57.81,"Groundwater Well"
"4936","TUNNELWEG","17.06.19",57.84,"Groundwater Well"
"4937","TUNNELWEG","18.06.19",57.82,"Groundwater Well"
"4938","TUNNELWEG","19.06.19",57.77,"Groundwater Well"
"4939","TUNNELWEG","20.06.19",57.76,"Groundwater Well"
"4940","TUNNELWEG","21.06.19",57.81,"Groundwater Well"
"4941","TUNNELWEG","22.06.19",57.85,"Groundwater Well"
"4942","TUNNELWEG","23.06.19",57.83,"Groundwater Well"
"4943","TUNNELWEG","24.06.19",57.82,"Groundwater Well"
"4944","TUNNELWEG","25.06.19",57.82,"Groundwater Well"
"4945","TUNNELWEG","26.06.19",57.84,"Groundwater Well"
"4946","TUNNELWEG","27.06.19",57.88,"Groundwater Well"
"4947","TUNNELWEG","28.06.19",57.89,"Groundwater Well"
"4948","TUNNELWEG","29.06.19",57.87,"Groundwater Well"
"4949","TUNNELWEG","30.06.19",57.81,"Groundwater Well"
"4950","TUNNELWEG","01.07.19",57.82,"Groundwater Well"
"4951","TUNNELWEG","02.07.19",57.86,"Groundwater Well"
"4952","TUNNELWEG","03.07.19",57.88,"Groundwater Well"
"4953","TUNNELWEG","04.07.19",57.89,"Groundwater Well"
"4954","TUNNELWEG","05.07.19",57.86,"Groundwater Well"
"4955","TUNNELWEG","06.07.19",57.82,"Groundwater Well"
"4956","TUNNELWEG","07.07.19",57.8,"Groundwater Well"
"4957","TUNNELWEG","08.07.19",57.84,"Groundwater Well"
"4958","TUNNELWEG","09.07.19",57.86,"Groundwater Well"
"4959","TUNNELWEG","10.07.19",57.86,"Groundwater Well"
"4960","TUNNELWEG","11.07.19",57.84,"Groundwater Well"
"4961","TUNNELWEG","12.07.19",57.8,"Groundwater Well"
"4962","TUNNELWEG","13.07.19",57.82,"Groundwater Well"
"4963","TUNNELWEG","14.07.19",57.85,"Groundwater Well"
"4964","TUNNELWEG","15.07.19",57.85,"Groundwater Well"
"4965","TUNNELWEG","16.07.19",57.85,"Groundwater Well"
"4966","TUNNELWEG","17.07.19",57.84,"Groundwater Well"
"4967","TUNNELWEG","18.07.19",57.81,"Groundwater Well"
"4968","TUNNELWEG","19.07.19",57.8,"Groundwater Well"
"4969","TUNNELWEG","20.07.19",57.8,"Groundwater Well"
"4970","TUNNELWEG","21.07.19",57.81,"Groundwater Well"
"4971","TUNNELWEG","22.07.19",57.87,"Groundwater Well"
"4972","TUNNELWEG","23.07.19",57.87,"Groundwater Well"
"4973","TUNNELWEG","24.07.19",57.82,"Groundwater Well"
"4974","TUNNELWEG","25.07.19",57.81,"Groundwater Well"
"4975","TUNNELWEG","26.07.19",57.79,"Groundwater Well"
"4976","TUNNELWEG","27.07.19",57.75,"Groundwater Well"
"4977","TUNNELWEG","28.07.19",57.72,"Groundwater Well"
"4978","TUNNELWEG","29.07.19",57.77,"Groundwater Well"
"4979","TUNNELWEG","30.07.19",57.79,"Groundwater Well"
"4980","TUNNELWEG","31.07.19",57.8,"Groundwater Well"
"4981","TUNNELWEG","01.08.19",57.82,"Groundwater Well"
"4982","TUNNELWEG","02.08.19",57.82,"Groundwater Well"
"4983","TUNNELWEG","03.08.19",57.81,"Groundwater Well"
"4984","TUNNELWEG","04.08.19",57.83,"Groundwater Well"
"4985","TUNNELWEG","05.08.19",57.79,"Groundwater Well"
"4986","TUNNELWEG","06.08.19",57.78,"Groundwater Well"
"4987","TUNNELWEG","07.08.19",57.76,"Groundwater Well"
"4988","TUNNELWEG","08.08.19",57.77,"Groundwater Well"
"4989","TUNNELWEG","09.08.19",57.78,"Groundwater Well"
"4990","TUNNELWEG","10.08.19",57.75,"Groundwater Well"
"4991","TUNNELWEG","11.08.19",57.8,"Groundwater Well"
"4992","TUNNELWEG","12.08.19",57.81,"Groundwater Well"
"4993","TUNNELWEG","13.08.19",57.81,"Groundwater Well"
"4994","TUNNELWEG","14.08.19",57.83,"Groundwater Well"
"4995","TUNNELWEG","15.08.19",57.79,"Groundwater Well"
"4996","TUNNELWEG","16.08.19",57.81,"Groundwater Well"
"4997","TUNNELWEG","17.08.19",57.78,"Groundwater Well"
"4998","TUNNELWEG","18.08.19",57.76,"Groundwater Well"
"4999","TUNNELWEG","19.08.19",57.78,"Groundwater Well"
"5000","TUNNELWEG","20.08.19",57.83,"Groundwater Well"
"5001","TUNNELWEG","21.08.19",57.88,"Groundwater Well"
"5002","TUNNELWEG","22.08.19",57.88,"Groundwater Well"
"5003","TUNNELWEG","23.08.19",57.88,"Groundwater Well"
"5004","TUNNELWEG","24.08.19",57.86,"Groundwater Well"
"5005","TUNNELWEG","25.08.19",57.83,"Groundwater Well"
"5006","TUNNELWEG","26.08.19",57.83,"Groundwater Well"
"5007","TUNNELWEG","27.08.19",57.82,"Groundwater Well"
"5008","TUNNELWEG","28.08.19",57.8,"Groundwater Well"
"5009","TUNNELWEG","29.08.19",57.81,"Groundwater Well"
"5010","TUNNELWEG","30.08.19",57.86,"Groundwater Well"
"5011","TUNNELWEG","31.08.19",57.85,"Groundwater Well"
"5012","TUNNELWEG","01.09.19",57.79,"Groundwater Well"
"5013","TUNNELWEG","02.09.19",57.85,"Groundwater Well"
"5014","TUNNELWEG","03.09.19",57.88,"Groundwater Well"
"5015","TUNNELWEG","04.09.19",57.87,"Groundwater Well"
"5016","TUNNELWEG","05.09.19",57.82,"Groundwater Well"
"5017","TUNNELWEG","06.09.19",57.89,"Groundwater Well"
"5018","TUNNELWEG","07.09.19",57.85,"Groundwater Well"
"5019","TUNNELWEG","08.09.19",57.85,"Groundwater Well"
"5020","TUNNELWEG","09.09.19",57.84,"Groundwater Well"
"5021","TUNNELWEG","10.09.19",57.82,"Groundwater Well"
"5022","TUNNELWEG","11.09.19",57.86,"Groundwater Well"
"5023","TUNNELWEG","12.09.19",57.89,"Groundwater Well"
"5024","TUNNELWEG","13.09.19",57.92,"Groundwater Well"
"5025","TUNNELWEG","14.09.19",57.95,"Groundwater Well"
"5026","TUNNELWEG","15.09.19",57.91,"Groundwater Well"
"5027","TUNNELWEG","16.09.19",57.88,"Groundwater Well"
"5028","TUNNELWEG","17.09.19",57.87,"Groundwater Well"
"5029","TUNNELWEG","18.09.19",57.9,"Groundwater Well"
"5030","TUNNELWEG","19.09.19",57.92,"Groundwater Well"
"5031","TUNNELWEG","20.09.19",57.93,"Groundwater Well"
"5032","TUNNELWEG","21.09.19",57.89,"Groundwater Well"
"5033","TUNNELWEG","22.09.19",57.81,"Groundwater Well"
"5034","TUNNELWEG","23.09.19",57.79,"Groundwater Well"
"5035","TUNNELWEG","24.09.19",57.82,"Groundwater Well"
"5036","TUNNELWEG","25.09.19",57.76,"Groundwater Well"
"5037","TUNNELWEG","26.09.19",57.77,"Groundwater Well"
"5038","TUNNELWEG","27.09.19",57.78,"Groundwater Well"
"5039","TUNNELWEG","28.09.19",57.78,"Groundwater Well"
"5040","TUNNELWEG","29.09.19",57.79,"Groundwater Well"
"5041","TUNNELWEG","30.09.19",57.72,"Groundwater Well"
"5042","TUNNELWEG","01.10.19",57.77,"Groundwater Well"
"5043","TUNNELWEG","02.10.19",57.72,"Groundwater Well"
"5044","TUNNELWEG","03.10.19",57.83,"Groundwater Well"
"5045","TUNNELWEG","04.10.19",57.81,"Groundwater Well"
"5046","TUNNELWEG","05.10.19",57.76,"Groundwater Well"
"5047","TUNNELWEG","06.10.19",57.82,"Groundwater Well"
"5048","TUNNELWEG","07.10.19",57.79,"Groundwater Well"
"5049","TUNNELWEG","08.10.19",57.8,"Groundwater Well"
"5050","TUNNELWEG","09.10.19",57.76,"Groundwater Well"
"5051","TUNNELWEG","10.10.19",57.75,"Groundwater Well"
"5052","TUNNELWEG","11.10.19",57.81,"Groundwater Well"
"5053","TUNNELWEG","12.10.19",57.77,"Groundwater Well"
"5054","TUNNELWEG","13.10.19",57.77,"Groundwater Well"
"5055","TUNNELWEG","14.10.19",57.78,"Groundwater Well"
"5056","TUNNELWEG","15.10.19",57.75,"Groundwater Well"
"5057","TUNNELWEG","16.10.19",57.76,"Groundwater Well"
"5058","TUNNELWEG","17.10.19",57.76,"Groundwater Well"
"5059","TUNNELWEG","18.10.19",57.76,"Groundwater Well"
"5060","TUNNELWEG","19.10.19",57.75,"Groundwater Well"
"5061","TUNNELWEG","20.10.19",57.74,"Groundwater Well"
"5062","TUNNELWEG","21.10.19",57.76,"Groundwater Well"
"5063","TUNNELWEG","22.10.19",57.84,"Groundwater Well"
"5064","TUNNELWEG","23.10.19",57.85,"Groundwater Well"
"5065","TUNNELWEG","24.10.19",57.76,"Groundwater Well"
"5066","TUNNELWEG","25.10.19",57.78,"Groundwater Well"
"5067","TUNNELWEG","26.10.19",57.82,"Groundwater Well"
"5068","TUNNELWEG","27.10.19",57.79,"Groundwater Well"
"5069","TUNNELWEG","28.10.19",57.86,"Groundwater Well"
"5070","TUNNELWEG","29.10.19",57.86,"Groundwater Well"
"5071","TUNNELWEG","30.10.19",57.88,"Groundwater Well"
"5072","TUNNELWEG","31.10.19",57.87,"Groundwater Well"
"5073","TUNNELWEG","01.11.19",57.82,"Groundwater Well"
"5074","TUNNELWEG","02.11.19",57.68,"Groundwater Well"
"5075","TUNNELWEG","03.11.19",57.61,"Groundwater Well"
"5076","TUNNELWEG","04.11.19",57.6,"Groundwater Well"
"5077","TUNNELWEG","05.11.19",57.63,"Groundwater Well"
"5078","TUNNELWEG","06.11.19",57.69,"Groundwater Well"
"5079","TUNNELWEG","07.11.19",57.7,"Groundwater Well"
"5080","TUNNELWEG","08.11.19",57.7,"Groundwater Well"
"5081","TUNNELWEG","09.11.19",57.75,"Groundwater Well"
"5082","TUNNELWEG","10.11.19",57.75,"Groundwater Well"
"5083","TUNNELWEG","13.11.19",57.69,"Groundwater Well"
"5084","TUNNELWEG","20.11.19",57.81,"Groundwater Well"
"5085","TUNNELWEG","21.11.19",57.77,"Groundwater Well"
"5086","TUNNELWEG","22.11.19",57.72,"Groundwater Well"
"5087","TUNNELWEG","23.11.19",57.69,"Groundwater Well"
"5088","TUNNELWEG","24.11.19",57.68,"Groundwater Well"
"5089","TUNNELWEG","25.11.19",57.75,"Groundwater Well"
"5090","TUNNELWEG","26.11.19",57.74,"Groundwater Well"
"5091","TUNNELWEG","27.11.19",57.67,"Groundwater Well"
"5092","TUNNELWEG","28.11.19",57.61,"Groundwater Well"
"5093","TUNNELWEG","29.11.19",57.68,"Groundwater Well"
"5094","TUNNELWEG","30.11.19",57.82,"Groundwater Well"
"5095","TUNNELWEG","01.12.19",57.84,"Groundwater Well"
"5096","TUNNELWEG","02.12.19",57.84,"Groundwater Well"
"5097","TUNNELWEG","03.12.19",57.89,"Groundwater Well"
"5098","TUNNELWEG","04.12.19",57.87,"Groundwater Well"
"5099","TUNNELWEG","05.12.19",57.84,"Groundwater Well"
"5100","TUNNELWEG","06.12.19",57.82,"Groundwater Well"
"5101","TUNNELWEG","07.12.19",57.75,"Groundwater Well"
"5102","TUNNELWEG","08.12.19",57.78,"Groundwater Well"
"5103","TUNNELWEG","09.12.19",57.69,"Groundwater Well"
"5104","TUNNELWEG","10.12.19",57.81,"Groundwater Well"
"5105","TUNNELWEG","11.12.19",57.8,"Groundwater Well"
"5106","TUNNELWEG","12.12.19",57.72,"Groundwater Well"
"5107","TUNNELWEG","13.12.19",57.59,"Groundwater Well"
"5108","TUNNELWEG","14.12.19",57.59,"Groundwater Well"
"5109","TUNNELWEG","15.12.19",57.67,"Groundwater Well"
"5110","TUNNELWEG","16.12.19",57.74,"Groundwater Well"
"5111","TUNNELWEG","17.12.19",57.71,"Groundwater Well"
"5112","TUNNELWEG","18.12.19",57.75,"Groundwater Well"
"5113","TUNNELWEG","19.12.19",57.8,"Groundwater Well"
"5114","TUNNELWEG","20.12.19",57.7,"Groundwater Well"
"5115","TUNNELWEG","21.12.19",57.63,"Groundwater Well"
"5116","TUNNELWEG","22.12.19",57.58,"Groundwater Well"
"5117","TUNNELWEG","23.12.19",57.65,"Groundwater Well"
"5118","TUNNELWEG","24.12.19",57.79,"Groundwater Well"
"5119","TUNNELWEG","25.12.19",57.78,"Groundwater Well"
"5120","TUNNELWEG","26.12.19",57.87,"Groundwater Well"
"5121","TUNNELWEG","27.12.19",57.84,"Groundwater Well"
"5122","TUNNELWEG","28.12.19",57.95,"Groundwater Well"
"5123","TUNNELWEG","29.12.19",57.98,"Groundwater Well"
"5124","TUNNELWEG","30.12.19",57.95,"Groundwater Well"
"5125","TUNNELWEG","31.12.19",57.92,"Groundwater Well"
"5126","TUNNELWEG","01.01.20",57.95,"Groundwater Well"
"5127","TUNNELWEG","02.01.20",57.93,"Groundwater Well"
"5128","TUNNELWEG","03.01.20",57.87,"Groundwater Well"
"5129","TUNNELWEG","04.01.20",57.9,"Groundwater Well"
"5130","TUNNELWEG","05.01.20",57.95,"Groundwater Well"
"5131","TUNNELWEG","06.01.20",57.95,"Groundwater Well"
"5132","TUNNELWEG","07.01.20",57.88,"Groundwater Well"
"5133","TUNNELWEG","08.01.20",57.89,"Groundwater Well"
"5134","TUNNELWEG","09.01.20",57.88,"Groundwater Well"
"5135","TUNNELWEG","10.01.20",57.8,"Groundwater Well"
"5136","TUNNELWEG","11.01.20",57.92,"Groundwater Well"
"5137","TUNNELWEG","12.01.20",57.92,"Groundwater Well"
"5138","TUNNELWEG","13.01.20",57.88,"Groundwater Well"
"5139","TUNNELWEG","14.01.20",57.79,"Groundwater Well"
"5140","TUNNELWEG","15.01.20",57.78,"Groundwater Well"
"5141","TUNNELWEG","16.01.20",57.87,"Groundwater Well"
"5142","TUNNELWEG","17.01.20",57.86,"Groundwater Well"
"5143","TUNNELWEG","18.01.20",57.86,"Groundwater Well"
"5144","TUNNELWEG","19.01.20",57.93,"Groundwater Well"
"5145","TUNNELWEG","20.01.20",58.04,"Groundwater Well"
"5146","TUNNELWEG","21.01.20",58.05,"Groundwater Well"
"5147","TUNNELWEG","22.01.20",58.01,"Groundwater Well"
"5148","TUNNELWEG","23.01.20",57.99,"Groundwater Well"
"5149","TUNNELWEG","24.01.20",57.92,"Groundwater Well"
"5150","TUNNELWEG","25.01.20",57.89,"Groundwater Well"
"5151","TUNNELWEG","26.01.20",57.87,"Groundwater Well"
"5152","TUNNELWEG","27.01.20",57.82,"Groundwater Well"
"5153","TUNNELWEG","28.01.20",57.71,"Groundwater Well"
"5154","TUNNELWEG","29.01.20",57.73,"Groundwater Well"
"5155","TUNNELWEG","30.01.20",57.81,"Groundwater Well"
"5156","TUNNELWEG","31.01.20",57.76,"Groundwater Well"
"5157","TUNNELWEG","01.02.20",57.78,"Groundwater Well"
"5158","TUNNELWEG","02.02.20",57.79,"Groundwater Well"
"5159","TUNNELWEG","03.02.20",57.79,"Groundwater Well"
"5160","TUNNELWEG","04.02.20",57.78,"Groundwater Well"
"5161","TUNNELWEG","05.02.20",57.89,"Groundwater Well"
"5162","TUNNELWEG","06.02.20",57.96,"Groundwater Well"
"5163","TUNNELWEG","07.02.20",57.93,"Groundwater Well"
"5164","TUNNELWEG","08.02.20",57.87,"Groundwater Well"
"5165","TUNNELWEG","09.02.20",57.85,"Groundwater Well"
"5166","TUNNELWEG","10.02.20",57.68,"Groundwater Well"
"5167","TUNNELWEG","11.02.20",57.71,"Groundwater Well"
"5168","TUNNELWEG","12.02.20",57.78,"Groundwater Well"
"5169","TUNNELWEG","13.02.20",57.82,"Groundwater Well"
"5170","TUNNELWEG","14.02.20",57.74,"Groundwater Well"
"5171","TUNNELWEG","15.02.20",57.86,"Groundwater Well"
"5172","TUNNELWEG","16.02.20",57.79,"Groundwater Well"
"5173","TUNNELWEG","17.02.20",57.76,"Groundwater Well"
"5174","TUNNELWEG","18.02.20",57.83,"Groundwater Well"
"5175","TUNNELWEG","19.02.20",57.83,"Groundwater Well"
"5176","TUNNELWEG","20.02.20",57.85,"Groundwater Well"
"5177","TUNNELWEG","21.02.20",57.83,"Groundwater Well"
"5178","TUNNELWEG","22.02.20",57.88,"Groundwater Well"
"5179","TUNNELWEG","23.02.20",57.86,"Groundwater Well"
"5180","TUNNELWEG","24.02.20",57.86,"Groundwater Well"
"5181","TUNNELWEG","25.02.20",57.75,"Groundwater Well"
"5182","TUNNELWEG","26.02.20",57.67,"Groundwater Well"
"5183","TUNNELWEG","27.02.20",57.74,"Groundwater Well"
"5184","TUNNELWEG","28.02.20",57.76,"Groundwater Well"
"5185","TUNNELWEG","29.02.20",57.73,"Groundwater Well"
"5186","TUNNELWEG","01.03.20",57.66,"Groundwater Well"
"5187","TUNNELWEG","02.03.20",57.64,"Groundwater Well"
"5188","TUNNELWEG","03.03.20",57.65,"Groundwater Well"
"5189","TUNNELWEG","04.03.20",57.74,"Groundwater Well"
"5190","TUNNELWEG","05.03.20",57.74,"Groundwater Well"
"5191","TUNNELWEG","06.03.20",57.59,"Groundwater Well"
"5192","TUNNELWEG","07.03.20",57.74,"Groundwater Well"
"5193","TUNNELWEG","08.03.20",57.81,"Groundwater Well"
"5194","TUNNELWEG","09.03.20",57.75,"Groundwater Well"
"5195","TUNNELWEG","10.03.20",57.77,"Groundwater Well"
"5196","TUNNELWEG","11.03.20",57.74,"Groundwater Well"
"5197","TUNNELWEG","12.03.20",57.75,"Groundwater Well"
"5198","TUNNELWEG","13.03.20",57.77,"Groundwater Well"
"5199","TUNNELWEG","14.03.20",57.82,"Groundwater Well"
"5200","TUNNELWEG","15.03.20",57.81,"Groundwater Well"
"5201","TUNNELWEG","16.03.20",57.78,"Groundwater Well"
"5202","TUNNELWEG","17.03.20",57.86,"Groundwater Well"
"5203","TUNNELWEG","18.03.20",57.89,"Groundwater Well"
"5204","TUNNELWEG","19.03.20",57.87,"Groundwater Well"
"5205","TUNNELWEG","20.03.20",57.86,"Groundwater Well"
"5206","TUNNELWEG","21.03.20",57.88,"Groundwater Well"
"5207","TUNNELWEG","22.03.20",57.88,"Groundwater Well"
"5208","TUNNELWEG","23.03.20",57.91,"Groundwater Well"
"5209","TUNNELWEG","24.03.20",57.92,"Groundwater Well"
"5210","TUNNELWEG","25.03.20",57.9,"Groundwater Well"
"5211","TUNNELWEG","26.03.20",57.86,"Groundwater Well"
"5212","TUNNELWEG","27.03.20",57.85,"Groundwater Well"
"5213","TUNNELWEG","28.03.20",57.84,"Groundwater Well"
"5214","TUNNELWEG","29.03.20",57.88,"Groundwater Well"
"5215","TUNNELWEG","30.03.20",57.93,"Groundwater Well"
"5216","TUNNELWEG","31.03.20",57.9,"Groundwater Well"
"5217","TUNNELWEG","01.04.20",57.9,"Groundwater Well"
"5218","TUNNELWEG","02.04.20",57.83,"Groundwater Well"
"5219","TUNNELWEG","03.04.20",57.8,"Groundwater Well"
"5220","TUNNELWEG","04.04.20",57.86,"Groundwater Well"
"5221","TUNNELWEG","05.04.20",57.87,"Groundwater Well"
"5222","TUNNELWEG","06.04.20",57.84,"Groundwater Well"
"5223","TUNNELWEG","07.04.20",57.89,"Groundwater Well"
"5224","TUNNELWEG","08.04.20",57.91,"Groundwater Well"
"5225","TUNNELWEG","09.04.20",57.87,"Groundwater Well"
"5226","TUNNELWEG","10.04.20",57.89,"Groundwater Well"
"5227","TUNNELWEG","11.04.20",57.89,"Groundwater Well"
"5228","TUNNELWEG","12.04.20",57.85,"Groundwater Well"
"5229","TUNNELWEG","13.04.20",57.81,"Groundwater Well"
"5230","TUNNELWEG","14.04.20",57.89,"Groundwater Well"
"5231","TUNNELWEG","15.04.20",57.9,"Groundwater Well"
"5232","TUNNELWEG","16.04.20",57.86,"Groundwater Well"
"5233","TUNNELWEG","17.04.20",57.83,"Groundwater Well"
"5234","TUNNELWEG","18.04.20",57.82,"Groundwater Well"
"5235","TUNNELWEG","19.04.20",57.83,"Groundwater Well"
"5236","TUNNELWEG","20.04.20",57.84,"Groundwater Well"
"5237","TUNNELWEG","21.04.20",57.83,"Groundwater Well"
"5238","TUNNELWEG","22.04.20",57.83,"Groundwater Well"
"5239","TUNNELWEG","23.04.20",57.85,"Groundwater Well"
"5240","TUNNELWEG","24.04.20",57.83,"Groundwater Well"
"5241","TUNNELWEG","25.04.20",57.81,"Groundwater Well"
"5242","TUNNELWEG","26.04.20",57.81,"Groundwater Well"
"5243","TUNNELWEG","27.04.20",57.79,"Groundwater Well"
"5244","TUNNELWEG","28.04.20",57.76,"Groundwater Well"
"5245","TUNNELWEG","29.04.20",57.74,"Groundwater Well"
"5246","TUNNELWEG","30.04.20",57.74,"Groundwater Well"
"5247","TUNNELWEG","01.05.20",57.72,"Groundwater Well"
"5248","TUNNELWEG","02.05.20",57.73,"Groundwater Well"
"5249","TUNNELWEG","03.05.20",57.81,"Groundwater Well"
"5250","TUNNELWEG","04.05.20",57.82,"Groundwater Well"
"5251","TUNNELWEG","05.05.20",57.85,"Groundwater Well"
"5252","TUNNELWEG","06.05.20",57.86,"Groundwater Well"
"5253","TUNNELWEG","07.05.20",57.89,"Groundwater Well"
"5254","TUNNELWEG","08.05.20",57.86,"Groundwater Well"
"5255","TUNNELWEG","09.05.20",57.82,"Groundwater Well"
"5256","TUNNELWEG","10.05.20",57.77,"Groundwater Well"
"5257","TUNNELWEG","11.05.20",57.77,"Groundwater Well"
"5258","TUNNELWEG","12.05.20",57.84,"Groundwater Well"
"5259","TUNNELWEG","13.05.20",57.83,"Groundwater Well"
"5260","TUNNELWEG","14.05.20",57.82,"Groundwater Well"
"5261","TUNNELWEG","15.05.20",57.85,"Groundwater Well"
"5262","TUNNELWEG","16.05.20",57.88,"Groundwater Well"
"5263","TUNNELWEG","17.05.20",57.88,"Groundwater Well"
"5264","TUNNELWEG","18.05.20",57.88,"Groundwater Well"
"5265","TUNNELWEG","19.05.20",57.87,"Groundwater Well"
"5266","TUNNELWEG","20.05.20",57.89,"Groundwater Well"
"5267","TUNNELWEG","21.05.20",57.92,"Groundwater Well"
"5268","TUNNELWEG","22.05.20",57.9,"Groundwater Well"
"5269","TUNNELWEG","23.05.20",57.9,"Groundwater Well"
"5270","TUNNELWEG","24.05.20",57.93,"Groundwater Well"
"5271","TUNNELWEG","25.05.20",57.97,"Groundwater Well"
"5272","TUNNELWEG","26.05.20",58,"Groundwater Well"
"5273","TUNNELWEG","27.05.20",57.99,"Groundwater Well"
"5274","TUNNELWEG","28.05.20",57.98,"Groundwater Well"
"5275","TUNNELWEG","29.05.20",57.96,"Groundwater Well"
"5276","TUNNELWEG","30.05.20",57.92,"Groundwater Well"
"5277","TUNNELWEG","31.05.20",57.9,"Groundwater Well"
"5278","TUNNELWEG","01.06.20",57.9,"Groundwater Well"
"5279","TUNNELWEG","02.06.20",57.88,"Groundwater Well"
"5280","TUNNELWEG","03.06.20",57.82,"Groundwater Well"
"5281","TUNNELWEG","04.06.20",57.75,"Groundwater Well"
"5282","TUNNELWEG","05.06.20",57.72,"Groundwater Well"
"5283","TUNNELWEG","06.06.20",57.72,"Groundwater Well"
"5284","TUNNELWEG","07.06.20",57.75,"Groundwater Well"
"5285","TUNNELWEG","08.06.20",57.81,"Groundwater Well"
"5286","TUNNELWEG","09.06.20",57.84,"Groundwater Well"
"5287","TUNNELWEG","10.06.20",57.85,"Groundwater Well"
"5288","TUNNELWEG","11.06.20",57.82,"Groundwater Well"
"5289","TUNNELWEG","12.06.20",57.79,"Groundwater Well"
"5290","TUNNELWEG","13.06.20",57.78,"Groundwater Well"
"5291","TUNNELWEG","14.06.20",57.8,"Groundwater Well"
"5292","TUNNELWEG","15.06.20",57.83,"Groundwater Well"
"5293","TUNNELWEG","16.06.20",57.83,"Groundwater Well"
"5294","TUNNELWEG","17.06.20",57.81,"Groundwater Well"
"5295","TUNNELWEG","18.06.20",57.79,"Groundwater Well"
"5296","TUNNELWEG","19.06.20",57.81,"Groundwater Well"
"5297","TUNNELWEG","20.06.20",57.85,"Groundwater Well"
"5298","TUNNELWEG","21.06.20",57.86,"Groundwater Well"
"5299","TUNNELWEG","22.06.20",57.87,"Groundwater Well"
"5300","TUNNELWEG","23.06.20",57.9,"Groundwater Well"
"5301","TUNNELWEG","24.06.20",57.88,"Groundwater Well"
"5302","TUNNELWEG","25.06.20",57.86,"Groundwater Well"
"5303","TUNNELWEG","26.06.20",57.82,"Groundwater Well"
"5304","TUNNELWEG","27.06.20",57.79,"Groundwater Well"
"5305","TUNNELWEG","28.06.20",57.79,"Groundwater Well"
"5306","TUNNELWEG","29.06.20",57.81,"Groundwater Well"
"5307","TUNNELWEG","30.06.20",57.8,"Groundwater Well"
"5308","TUNNELWEG","01.07.20",57.78,"Groundwater Well"
"5309","TUNNELWEG","02.07.20",57.78,"Groundwater Well"
"5310","TUNNELWEG","03.07.20",57.82,"Groundwater Well"
"5311","TUNNELWEG","04.07.20",57.84,"Groundwater Well"
"5312","TUNNELWEG","05.07.20",57.81,"Groundwater Well"
"5313","TUNNELWEG","06.07.20",57.81,"Groundwater Well"
"5314","TUNNELWEG","07.07.20",57.86,"Groundwater Well"
"5315","TUNNELWEG","08.07.20",57.84,"Groundwater Well"
"5316","TUNNELWEG","09.07.20",57.83,"Groundwater Well"
"5317","TUNNELWEG","10.07.20",57.79,"Groundwater Well"
"5318","TUNNELWEG","11.07.20",57.85,"Groundwater Well"
"5319","TUNNELWEG","12.07.20",57.9,"Groundwater Well"
"5320","TUNNELWEG","13.07.20",57.9,"Groundwater Well"
"5321","TUNNELWEG","14.07.20",57.85,"Groundwater Well"
"5322","TUNNELWEG","15.07.20",57.82,"Groundwater Well"
"5323","TUNNELWEG","16.07.20",57.83,"Groundwater Well"
"5324","TUNNELWEG","17.07.20",57.86,"Groundwater Well"
"5325","TUNNELWEG","18.07.20",57.86,"Groundwater Well"
"5326","TUNNELWEG","19.07.20",57.84,"Groundwater Well"
"5327","TUNNELWEG","20.07.20",57.83,"Groundwater Well"
"5328","TUNNELWEG","21.07.20",57.87,"Groundwater Well"
"5329","TUNNELWEG","22.07.20",57.89,"Groundwater Well"
"5330","TUNNELWEG","23.07.20",57.87,"Groundwater Well"
"5331","TUNNELWEG","24.07.20",57.81,"Groundwater Well"
"5332","TUNNELWEG","25.07.20",57.81,"Groundwater Well"
"5333","TUNNELWEG","26.07.20",57.78,"Groundwater Well"
"5334","TUNNELWEG","27.07.20",57.83,"Groundwater Well"
"5335","TUNNELWEG","28.07.20",57.78,"Groundwater Well"
"5336","TUNNELWEG","29.07.20",57.83,"Groundwater Well"
"5337","TUNNELWEG","30.07.20",57.86,"Groundwater Well"
"5338","TUNNELWEG","31.07.20",57.84,"Groundwater Well"
"5339","TUNNELWEG","01.08.20",57.81,"Groundwater Well"
"5340","TUNNELWEG","02.08.20",57.82,"Groundwater Well"
"5341","TUNNELWEG","03.08.20",57.82,"Groundwater Well"
"5342","TUNNELWEG","04.08.20",57.82,"Groundwater Well"
"5343","TUNNELWEG","05.08.20",57.84,"Groundwater Well"
"5344","TUNNELWEG","06.08.20",57.84,"Groundwater Well"
"5345","TUNNELWEG","07.08.20",57.85,"Groundwater Well"
"5346","TUNNELWEG","08.08.20",57.85,"Groundwater Well"
"5347","TUNNELWEG","09.08.20",57.84,"Groundwater Well"
"5348","TUNNELWEG","10.08.20",57.83,"Groundwater Well"
"5349","TUNNELWEG","11.08.20",57.82,"Groundwater Well"
"5350","TUNNELWEG","12.08.20",57.82,"Groundwater Well"
"5351","TUNNELWEG","13.08.20",57.8,"Groundwater Well"
"5352","TUNNELWEG","14.08.20",57.79,"Groundwater Well"
"5353","TUNNELWEG","15.08.20",57.81,"Groundwater Well"
"5354","TUNNELWEG","16.08.20",57.8,"Groundwater Well"
"5355","TUNNELWEG","17.08.20",57.78,"Groundwater Well"
"5356","TUNNELWEG","18.08.20",57.78,"Groundwater Well"
"5357","TUNNELWEG","19.08.20",57.79,"Groundwater Well"
"5358","TUNNELWEG","20.08.20",57.76,"Groundwater Well"
"5359","TUNNELWEG","21.08.20",57.75,"Groundwater Well"
"5360","TUNNELWEG","22.08.20",57.79,"Groundwater Well"
"5361","TUNNELWEG","23.08.20",57.82,"Groundwater Well"
"5362","TUNNELWEG","24.08.20",57.83,"Groundwater Well"
"5363","TUNNELWEG","25.08.20",57.82,"Groundwater Well"
"5364","TUNNELWEG","26.08.20",57.75,"Groundwater Well"
"5365","TUNNELWEG","27.08.20",57.83,"Groundwater Well"
"5366","TUNNELWEG","28.08.20",57.76,"Groundwater Well"
"5367","TUNNELWEG","29.08.20",57.72,"Groundwater Well"
"5368","TUNNELWEG","30.08.20",57.76,"Groundwater Well"
"5369","TUNNELWEG","31.08.20",57.8,"Groundwater Well"
"5370","TUNNELWEG","01.09.20",57.84,"Groundwater Well"
"5371","TUNNELWEG","02.09.20",57.84,"Groundwater Well"
"5372","TUNNELWEG","03.09.20",57.84,"Groundwater Well"
"5373","TUNNELWEG","04.09.20",57.85,"Groundwater Well"
"5374","TUNNELWEG","05.09.20",57.84,"Groundwater Well"
"5375","TUNNELWEG","06.09.20",57.85,"Groundwater Well"
"5376","TUNNELWEG","07.09.20",57.86,"Groundwater Well"
"5377","TUNNELWEG","08.09.20",57.89,"Groundwater Well"
"5378","TUNNELWEG","09.09.20",57.88,"Groundwater Well"
"5379","TUNNELWEG","10.09.20",57.86,"Groundwater Well"
"5380","TUNNELWEG","11.09.20",57.84,"Groundwater Well"
"5381","TUNNELWEG","12.09.20",57.82,"Groundwater Well"
"5382","TUNNELWEG","13.09.20",57.87,"Groundwater Well"
"5383","TUNNELWEG","14.09.20",57.89,"Groundwater Well"
"5384","TUNNELWEG","15.09.20",57.87,"Groundwater Well"
"5385","TUNNELWEG","16.09.20",57.85,"Groundwater Well"
"5386","TUNNELWEG","17.09.20",57.89,"Groundwater Well"
"5387","TUNNELWEG","18.09.20",57.9,"Groundwater Well"
"5388","TUNNELWEG","19.09.20",57.86,"Groundwater Well"
"5389","TUNNELWEG","20.09.20",57.83,"Groundwater Well"
"5390","TUNNELWEG","21.09.20",57.83,"Groundwater Well"
"5391","TUNNELWEG","22.09.20",57.81,"Groundwater Well"
"5392","TUNNELWEG","23.09.20",57.77,"Groundwater Well"
"5393","TUNNELWEG","24.09.20",57.73,"Groundwater Well"
"5394","TUNNELWEG","25.09.20",57.7,"Groundwater Well"
"5395","TUNNELWEG","26.09.20",57.68,"Groundwater Well"
"5396","TUNNELWEG","27.09.20",57.69,"Groundwater Well"
"5397","TUNNELWEG","28.09.20",57.75,"Groundwater Well"
"5398","TUNNELWEG","29.09.20",57.79,"Groundwater Well"
"5399","TUNNELWEG","30.09.20",57.82,"Groundwater Well"
"5400","TUNNELWEG","01.10.20",57.76,"Groundwater Well"
"5401","TUNNELWEG","02.10.20",57.7,"Groundwater Well"
"5402","TUNNELWEG","03.10.20",57.62,"Groundwater Well"
"5403","TUNNELWEG","04.10.20",57.61,"Groundwater Well"
"5404","TUNNELWEG","05.10.20",57.67,"Groundwater Well"
"5405","TUNNELWEG","06.10.20",57.7,"Groundwater Well"
"5406","TUNNELWEG","07.10.20",57.71,"Groundwater Well"
"5407","TUNNELWEG","08.10.20",57.81,"Groundwater Well"
"5408","TUNNELWEG","09.10.20",57.81,"Groundwater Well"
"5409","TUNNELWEG","10.10.20",57.82,"Groundwater Well"
"5410","TUNNELWEG","11.10.20",57.83,"Groundwater Well"
"5411","TUNNELWEG","12.10.20",57.84,"Groundwater Well"
"5412","TUNNELWEG","13.10.20",57.81,"Groundwater Well"
"5413","TUNNELWEG","14.10.20",57.8,"Groundwater Well"
"5414","TUNNELWEG","15.10.20",57.82,"Groundwater Well"
"5415","TUNNELWEG","16.10.20",57.84,"Groundwater Well"
"5416","TUNNELWEG","17.10.20",57.84,"Groundwater Well"
"5417","TUNNELWEG","18.10.20",57.85,"Groundwater Well"
"5418","TUNNELWEG","19.10.20",57.86,"Groundwater Well"
"5419","TUNNELWEG","20.10.20",57.8,"Groundwater Well"
"5420","TUNNELWEG","21.10.20",57.75,"Groundwater Well"
"5421","TUNNELWEG","22.10.20",57.75,"Groundwater Well"
"5422","TUNNELWEG","23.10.20",57.78,"Groundwater Well"
"5423","TUNNELWEG","24.10.20",57.78,"Groundwater Well"
"5424","TUNNELWEG","25.10.20",57.74,"Groundwater Well"
"5425","TUNNELWEG","26.10.20",57.7,"Groundwater Well"
"5426","TUNNELWEG","27.10.20",57.72,"Groundwater Well"
"5427","TUNNELWEG","28.10.20",57.72,"Groundwater Well"
"5428","TUNNELWEG","29.10.20",57.75,"Groundwater Well"
"5429","TUNNELWEG","30.10.20",57.81,"Groundwater Well"
"5430","TUNNELWEG","31.10.20",57.85,"Groundwater Well"
"5431","TUNNELWEG","01.11.20",57.8,"Groundwater Well"
"5432","TUNNELWEG","02.11.20",57.76,"Groundwater Well"
"5433","TUNNELWEG","03.11.20",57.81,"Groundwater Well"
"5434","TUNNELWEG","04.11.20",57.87,"Groundwater Well"
"5435","TUNNELWEG","05.11.20",57.95,"Groundwater Well"
"5436","TUNNELWEG","06.11.20",57.96,"Groundwater Well"
"5437","TUNNELWEG","07.11.20",57.89,"Groundwater Well"
"5438","TUNNELWEG","08.11.20",57.86,"Groundwater Well"
"5439","TUNNELWEG","09.11.20",57.86,"Groundwater Well"
"5440","TUNNELWEG","10.11.20",57.87,"Groundwater Well"
"5441","TUNNELWEG","11.11.20",57.89,"Groundwater Well"
"5442","TUNNELWEG","12.11.20",57.84,"Groundwater Well"
"5443","TUNNELWEG","13.11.20",57.84,"Groundwater Well"
"5444","TUNNELWEG","14.11.20",57.82,"Groundwater Well"
"5445","TUNNELWEG","15.11.20",57.79,"Groundwater Well"
"5446","TUNNELWEG","16.11.20",57.74,"Groundwater Well"
"5447","TUNNELWEG","17.11.20",57.85,"Groundwater Well"
"5448","TUNNELWEG","18.11.20",57.89,"Groundwater Well"
"5449","TUNNELWEG","19.11.20",57.83,"Groundwater Well"
"5450","TUNNELWEG","20.11.20",57.92,"Groundwater Well"
"5451","TUNNELWEG","21.11.20",57.95,"Groundwater Well"
"5452","TUNNELWEG","22.11.20",57.9,"Groundwater Well"
"5453","TUNNELWEG","23.11.20",57.89,"Groundwater Well"
"5454","TUNNELWEG","24.11.20",57.9,"Groundwater Well"
"5455","TUNNELWEG","25.11.20",57.84,"Groundwater Well"
"5456","TUNNELWEG","26.11.20",57.84,"Groundwater Well"
"5457","TUNNELWEG","27.11.20",57.85,"Groundwater Well"
"5458","TUNNELWEG","28.11.20",57.84,"Groundwater Well"
"5459","TUNNELWEG","29.11.20",57.87,"Groundwater Well"
"5460","TUNNELWEG","30.11.20",57.9,"Groundwater Well"
"5461","TUNNELWEG","01.12.20",57.83,"Groundwater Well"
"5462","TUNNELWEG","02.12.20",57.84,"Groundwater Well"
"5463","TUNNELWEG","03.12.20",57.78,"Groundwater Well"
"5464","TUNNELWEG","04.12.20",57.61,"Groundwater Well"
"5465","TUNNELWEG","05.12.20",57.63,"Groundwater Well"
"5466","TUNNELWEG","06.12.20",57.7,"Groundwater Well"
"5467","TUNNELWEG","07.12.20",57.69,"Groundwater Well"
"5468","TUNNELWEG","08.12.20",57.7,"Groundwater Well"
"5469","TUNNELWEG","09.12.20",57.74,"Groundwater Well"
"5470","TUNNELWEG","10.12.20",57.76,"Groundwater Well"
"5471","TUNNELWEG","11.12.20",57.71,"Groundwater Well"
"5472","TUNNELWEG","12.12.20",57.63,"Groundwater Well"
"5473","TUNNELWEG","13.12.20",57.72,"Groundwater Well"
"5474","TUNNELWEG","14.12.20",57.75,"Groundwater Well"
"5475","TUNNELWEG","15.12.20",57.74,"Groundwater Well"
"5476","TUNNELWEG","16.12.20",57.79,"Groundwater Well"
"5477","TUNNELWEG","17.12.20",57.79,"Groundwater Well"
"5478","TUNNELWEG","18.12.20",57.85,"Groundwater Well"
"5479","TUNNELWEG","19.12.20",57.81,"Groundwater Well"
"5480","TUNNELWEG","20.12.20",57.8,"Groundwater Well"
"5481","TUNNELWEG","21.12.20",57.84,"Groundwater Well"
"5482","TUNNELWEG","22.12.20",57.77,"Groundwater Well"
"5483","TUNNELWEG","23.12.20",57.79,"Groundwater Well"
"5484","TUNNELWEG","24.12.20",57.74,"Groundwater Well"
"5485","TUNNELWEG","25.12.20",57.81,"Groundwater Well"
"5486","TUNNELWEG","26.12.20",57.87,"Groundwater Well"
"5487","TUNNELWEG","27.12.20",57.77,"Groundwater Well"
"5488","TUNNELWEG","28.12.20",57.54,"Groundwater Well"
"5489","TUNNELWEG","29.12.20",57.54,"Groundwater Well"
"5490","TUNNELWEG","30.12.20",57.65,"Groundwater Well"
"5491","TUNNELWEG","31.12.20",57.71,"Groundwater Well"
"5492","TUNNELWEG","01.01.21",57.72,"Groundwater Well"
"5493","TUNNELWEG","02.01.21",57.77,"Groundwater Well"
"5494","TUNNELWEG","03.01.21",57.78,"Groundwater Well"
"5495","TUNNELWEG","04.01.21",57.79,"Groundwater Well"
"5496","TUNNELWEG","05.01.21",57.79,"Groundwater Well"
"5497","TUNNELWEG","06.01.21",57.8,"Groundwater Well"
"5498","TUNNELWEG","07.01.21",57.79,"Groundwater Well"
"5499","TUNNELWEG","08.01.21",57.78,"Groundwater Well"
"5500","TUNNELWEG","09.01.21",57.83,"Groundwater Well"
"5501","TUNNELWEG","10.01.21",57.86,"Groundwater Well"
"5502","TUNNELWEG","11.01.21",57.86,"Groundwater Well"
"5503","TUNNELWEG","12.01.21",57.79,"Groundwater Well"
"5504","TUNNELWEG","13.01.21",57.8,"Groundwater Well"
"5505","TUNNELWEG","14.01.21",57.81,"Groundwater Well"
"5506","TUNNELWEG","15.01.21",57.83,"Groundwater Well"
"5507","TUNNELWEG","16.01.21",57.9,"Groundwater Well"
"5508","TUNNELWEG","17.01.21",57.82,"Groundwater Well"
"5509","TUNNELWEG","18.01.21",57.86,"Groundwater Well"
"5510","TUNNELWEG","19.01.21",57.83,"Groundwater Well"
"5511","TUNNELWEG","20.01.21",57.74,"Groundwater Well"
"5512","TUNNELWEG","21.01.21",57.64,"Groundwater Well"
"5513","TUNNELWEG","22.01.21",57.6,"Groundwater Well"
"5514","TUNNELWEG","23.01.21",57.66,"Groundwater Well"
"5515","TUNNELWEG","24.01.21",57.64,"Groundwater Well"
"5516","TUNNELWEG","25.01.21",57.67,"Groundwater Well"
"5517","TUNNELWEG","26.01.21",57.76,"Groundwater Well"
"5518","TUNNELWEG","27.01.21",57.81,"Groundwater Well"
"5519","TUNNELWEG","28.01.21",57.76,"Groundwater Well"
"5520","TUNNELWEG","29.01.21",57.68,"Groundwater Well"
"5521","TUNNELWEG","30.01.21",57.67,"Groundwater Well"
"5522","TUNNELWEG","31.01.21",57.68,"Groundwater Well"
"5523","TUNNELWEG","01.02.21",57.63,"Groundwater Well"
"5524","TUNNELWEG","02.02.21",57.68,"Groundwater Well"
"5525","TUNNELWEG","03.02.21",57.67,"Groundwater Well"
"5526","TUNNELWEG","04.02.21",57.69,"Groundwater Well"
"5527","TUNNELWEG","05.02.21",57.75,"Groundwater Well"
"5528","TUNNELWEG","06.02.21",57.75,"Groundwater Well"
"5529","TUNNELWEG","07.02.21",57.67,"Groundwater Well"
"5530","TUNNELWEG","08.02.21",57.65,"Groundwater Well"
"5531","TUNNELWEG","09.02.21",57.68,"Groundwater Well"
"5532","TUNNELWEG","10.02.21",57.72,"Groundwater Well"
"5533","TUNNELWEG","11.02.21",57.82,"Groundwater Well"
"5534","TUNNELWEG","12.02.21",57.89,"Groundwater Well"
"5535","TUNNELWEG","13.02.21",57.92,"Groundwater Well"
"5536","TUNNELWEG","14.02.21",57.94,"Groundwater Well"
"5537","TUNNELWEG","15.02.21",57.9,"Groundwater Well"
"5538","TUNNELWEG","16.02.21",57.84,"Groundwater Well"
"5539","TUNNELWEG","17.02.21",57.78,"Groundwater Well"
"5540","TUNNELWEG","18.02.21",57.8,"Groundwater Well"
"5541","TUNNELWEG","19.02.21",57.77,"Groundwater Well"
"5542","TUNNELWEG","20.02.21",57.79,"Groundwater Well"
"5543","TUNNELWEG","21.02.21",57.78,"Groundwater Well"
"5544","TUNNELWEG","22.02.21",57.79,"Groundwater Well"
"5545","TUNNELWEG","23.02.21",57.86,"Groundwater Well"
"5546","TUNNELWEG","24.02.21",57.91,"Groundwater Well"
"5547","TUNNELWEG","25.02.21",57.89,"Groundwater Well"
"5548","TUNNELWEG","26.02.21",57.9,"Groundwater Well"
"5549","TUNNELWEG","27.02.21",57.96,"Groundwater Well"
"5550","TUNNELWEG","28.02.21",57.98,"Groundwater Well"
"5551","TUNNELWEG","01.03.21",57.94,"Groundwater Well"
"5552","TUNNELWEG","02.03.21",57.92,"Groundwater Well"
"5553","TUNNELWEG","03.03.21",57.91,"Groundwater Well"
"5554","TUNNELWEG","04.03.21",57.88,"Groundwater Well"
"5555","TUNNELWEG","05.03.21",57.86,"Groundwater Well"
"5556","TUNNELWEG","06.03.21",57.93,"Groundwater Well"
"5557","TUNNELWEG","07.03.21",57.91,"Groundwater Well"
"5558","TUNNELWEG","08.03.21",57.87,"Groundwater Well"
"5559","TUNNELWEG","09.03.21",57.85,"Groundwater Well"
"5560","TUNNELWEG","10.03.21",57.84,"Groundwater Well"
"5561","TUNNELWEG","11.03.21",57.76,"Groundwater Well"
"5562","TUNNELWEG","12.03.21",57.73,"Groundwater Well"
"5563","TUNNELWEG","13.03.21",57.72,"Groundwater Well"
"5564","TUNNELWEG","14.03.21",57.71,"Groundwater Well"
"5565","TUNNELWEG","15.03.21",57.77,"Groundwater Well"
"5566","TUNNELWEG","16.03.21",57.84,"Groundwater Well"
"5567","TUNNELWEG","17.03.21",57.86,"Groundwater Well"
"5568","TUNNELWEG","18.03.21",57.88,"Groundwater Well"
"5569","TUNNELWEG","19.03.21",57.83,"Groundwater Well"
"5570","TUNNELWEG","20.03.21",57.88,"Groundwater Well"
"5571","TUNNELWEG","21.03.21",57.88,"Groundwater Well"
"5572","TUNNELWEG","22.03.21",57.87,"Groundwater Well"
"5573","TUNNELWEG","23.03.21",57.88,"Groundwater Well"
"5574","TUNNELWEG","24.03.21",57.87,"Groundwater Well"
"5575","TUNNELWEG","25.03.21",57.84,"Groundwater Well"
"5576","TUNNELWEG","26.03.21",57.84,"Groundwater Well"
"5577","TUNNELWEG","27.03.21",57.8,"Groundwater Well"
"5578","TUNNELWEG","28.03.21",57.88,"Groundwater Well"
"5579","TUNNELWEG","29.03.21",57.89,"Groundwater Well"
"5580","TUNNELWEG","30.03.21",57.92,"Groundwater Well"
"5581","TUNNELWEG","31.03.21",57.89,"Groundwater Well"
"5582","TUNNELWEG","01.04.21",57.85,"Groundwater Well"
"5583","TUNNELWEG","02.04.21",57.87,"Groundwater Well"
"5584","TUNNELWEG","03.04.21",57.88,"Groundwater Well"
"5585","TUNNELWEG","04.04.21",57.9,"Groundwater Well"
"5586","TUNNELWEG","05.04.21",57.82,"Groundwater Well"
"5587","TUNNELWEG","06.04.21",57.8,"Groundwater Well"
"5588","TUNNELWEG","07.04.21",57.8,"Groundwater Well"
"5589","TUNNELWEG","08.04.21",57.86,"Groundwater Well"
"5590","TUNNELWEG","09.04.21",57.83,"Groundwater Well"
"5591","TUNNELWEG","10.04.21",57.78,"Groundwater Well"
"5592","TUNNELWEG","11.04.21",57.75,"Groundwater Well"
"5593","TUNNELWEG","12.04.21",57.83,"Groundwater Well"
"5594","TUNNELWEG","13.04.21",57.91,"Groundwater Well"
"5595","TUNNELWEG","14.04.21",57.92,"Groundwater Well"
"5596","TUNNELWEG","15.04.21",57.91,"Groundwater Well"
"5597","TUNNELWEG","16.04.21",57.9,"Groundwater Well"
"5598","TUNNELWEG","17.04.21",57.88,"Groundwater Well"
"5599","TUNNELWEG","18.04.21",57.86,"Groundwater Well"
"5600","TUNNELWEG","19.04.21",57.84,"Groundwater Well"
"5601","TUNNELWEG","20.04.21",57.83,"Groundwater Well"
"5602","TUNNELWEG","21.04.21",57.81,"Groundwater Well"
"5603","TUNNELWEG","22.04.21",57.85,"Groundwater Well"
"5604","TUNNELWEG","23.04.21",57.89,"Groundwater Well"
"5605","TUNNELWEG","24.04.21",57.89,"Groundwater Well"
"5606","TUNNELWEG","25.04.21",57.88,"Groundwater Well"
"5607","TUNNELWEG","26.04.21",57.87,"Groundwater Well"
"5608","TUNNELWEG","27.04.21",57.8,"Groundwater Well"
"5609","TUNNELWEG","28.04.21",57.74,"Groundwater Well"
"5610","TUNNELWEG","29.04.21",57.71,"Groundwater Well"
"5611","TUNNELWEG","30.04.21",57.78,"Groundwater Well"
"5612","TUNNELWEG","01.05.21",57.79,"Groundwater Well"
"5613","TUNNELWEG","02.05.21",57.8,"Groundwater Well"
"5614","TUNNELWEG","03.05.21",57.84,"Groundwater Well"
"5615","TUNNELWEG","04.05.21",57.75,"Groundwater Well"
"5616","TUNNELWEG","05.05.21",57.71,"Groundwater Well"
"5617","TUNNELWEG","06.05.21",57.76,"Groundwater Well"
"5618","TUNNELWEG","07.05.21",57.75,"Groundwater Well"
"5619","TUNNELWEG","08.05.21",57.82,"Groundwater Well"
"5620","TUNNELWEG","09.05.21",57.76,"Groundwater Well"
"5621","TUNNELWEG","10.05.21",57.7,"Groundwater Well"
"5622","TUNNELWEG","11.05.21",57.75,"Groundwater Well"
"5623","TUNNELWEG","12.05.21",57.77,"Groundwater Well"
"5624","TUNNELWEG","13.05.21",57.76,"Groundwater Well"
"5625","TUNNELWEG","14.05.21",57.74,"Groundwater Well"
"5626","TUNNELWEG","15.05.21",57.74,"Groundwater Well"
"5627","TUNNELWEG","16.05.21",57.7,"Groundwater Well"
"5628","TUNNELWEG","17.05.21",57.69,"Groundwater Well"
"5629","TUNNELWEG","18.05.21",57.75,"Groundwater Well"
"5630","TUNNELWEG","19.05.21",57.79,"Groundwater Well"
"5631","TUNNELWEG","20.05.21",57.82,"Groundwater Well"
"5632","TUNNELWEG","21.05.21",57.76,"Groundwater Well"
"5633","TUNNELWEG","22.05.21",57.7,"Groundwater Well"
"5634","TUNNELWEG","23.05.21",57.74,"Groundwater Well"
"5635","TUNNELWEG","24.05.21",57.77,"Groundwater Well"
"5636","TUNNELWEG","25.05.21",57.75,"Groundwater Well"
"5637","TUNNELWEG","26.05.21",57.78,"Groundwater Well"
"5638","TUNNELWEG","28.05.21",57.83,"Groundwater Well"
"5639","TUNNELWEG","29.05.21",57.85,"Groundwater Well"
"5640","TUNNELWEG","30.05.21",57.87,"Groundwater Well"
"5641","TUNNELWEG","31.05.21",57.85,"Groundwater Well"
"5642","TUNNELWEG","01.06.21",57.82,"Groundwater Well"
"5643","TUNNELWEG","02.06.21",57.79,"Groundwater Well"
"5644","TUNNELWEG","03.06.21",57.8,"Groundwater Well"
"5645","TUNNELWEG","04.06.21",57.83,"Groundwater Well"
"5646","TUNNELWEG","05.06.21",57.83,"Groundwater Well"
"5647","TUNNELWEG","06.06.21",57.85,"Groundwater Well"
"5648","TUNNELWEG","07.06.21",57.86,"Groundwater Well"
"5649","TUNNELWEG","08.06.21",57.86,"Groundwater Well"
"5650","TUNNELWEG","09.06.21",57.85,"Groundwater Well"
"5651","TUNNELWEG","10.06.21",57.85,"Groundwater Well"
"5652","TUNNELWEG","11.06.21",57.84,"Groundwater Well"
"5653","TUNNELWEG","12.06.21",57.83,"Groundwater Well"
"5654","TUNNELWEG","13.06.21",57.87,"Groundwater Well"
"5655","TUNNELWEG","14.06.21",57.87,"Groundwater Well"
"5656","TUNNELWEG","15.06.21",57.84,"Groundwater Well"
"5657","TUNNELWEG","16.06.21",57.83,"Groundwater Well"
"5658","TUNNELWEG","17.06.21",57.78,"Groundwater Well"
"5659","TUNNELWEG","18.06.21",57.79,"Groundwater Well"
"5660","TUNNELWEG","19.06.21",57.79,"Groundwater Well"
"5661","TUNNELWEG","20.06.21",57.76,"Groundwater Well"
"5662","TUNNELWEG","21.06.21",57.74,"Groundwater Well"
"5663","TUNNELWEG","22.06.21",57.78,"Groundwater Well"
"5664","TUNNELWEG","23.06.21",57.82,"Groundwater Well"
"5665","TUNNELWEG","24.06.21",57.84,"Groundwater Well"
"5666","TUNNELWEG","25.06.21",57.83,"Groundwater Well"
"5667","TUNNELWEG","26.06.21",57.82,"Groundwater Well"
"5668","TUNNELWEG","27.06.21",57.81,"Groundwater Well"
"5669","TUNNELWEG","28.06.21",57.79,"Groundwater Well"
"5670","TUNNELWEG","29.06.21",57.78,"Groundwater Well"
"5671","TUNNELWEG","30.06.21",57.76,"Groundwater Well"
"5672","TUNNELWEG","01.07.21",57.79,"Groundwater Well"
"5673","TUNNELWEG","02.07.21",57.8,"Groundwater Well"
"5674","TUNNELWEG","03.07.21",57.8,"Groundwater Well"
"5675","TUNNELWEG","04.07.21",57.77,"Groundwater Well"
"5676","TUNNELWEG","05.07.21",57.75,"Groundwater Well"
"5677","TUNNELWEG","06.07.21",57.73,"Groundwater Well"
"5678","TUNNELWEG","07.07.21",57.76,"Groundwater Well"
"5679","TUNNELWEG","08.07.21",57.81,"Groundwater Well"
"5680","TUNNELWEG","09.07.21",57.83,"Groundwater Well"
"5681","TUNNELWEG","10.07.21",57.83,"Groundwater Well"
"5682","TUNNELWEG","11.07.21",57.79,"Groundwater Well"
"5683","TUNNELWEG","12.07.21",57.78,"Groundwater Well"
"5684","TUNNELWEG","13.07.21",57.75,"Groundwater Well"
"5685","TUNNELWEG","14.07.21",57.73,"Groundwater Well"
"5686","TUNNELWEG","15.07.21",57.73,"Groundwater Well"
"5687","TUNNELWEG","16.07.21",57.79,"Groundwater Well"
"5688","TUNNELWEG","17.07.21",57.83,"Groundwater Well"
"5689","TUNNELWEG","18.07.21",57.83,"Groundwater Well"
"5690","TUNNELWEG","19.07.21",57.82,"Groundwater Well"
"5691","TUNNELWEG","20.07.21",57.81,"Groundwater Well"
"5692","TUNNELWEG","21.07.21",57.82,"Groundwater Well"
"5693","TUNNELWEG","22.07.21",57.83,"Groundwater Well"
"5694","TUNNELWEG","23.07.21",57.81,"Groundwater Well"
"5695","TUNNELWEG","24.07.21",57.76,"Groundwater Well"
"5696","TUNNELWEG","25.07.21",57.73,"Groundwater Well"
"5697","TUNNELWEG","26.07.21",57.73,"Groundwater Well"
"5698","TUNNELWEG","27.07.21",57.76,"Groundwater Well"
"5699","TUNNELWEG","28.07.21",57.75,"Groundwater Well"
"5700","TUNNELWEG","29.07.21",57.75,"Groundwater Well"
"5701","TUNNELWEG","30.07.21",57.76,"Groundwater Well"
"5702","TUNNELWEG","31.07.21",57.73,"Groundwater Well"
"5703","TUNNELWEG","01.08.21",57.74,"Groundwater Well"
"5704","TUNNELWEG","02.08.21",57.76,"Groundwater Well"
"5705","TUNNELWEG","03.08.21",57.78,"Groundwater Well"
"5706","TUNNELWEG","04.08.21",57.77,"Groundwater Well"
"5707","TUNNELWEG","05.08.21",57.76,"Groundwater Well"
"5708","TUNNELWEG","06.08.21",57.7,"Groundwater Well"
"5709","TUNNELWEG","07.08.21",57.7,"Groundwater Well"
"5710","TUNNELWEG","08.08.21",57.7,"Groundwater Well"
"5711","TUNNELWEG","09.08.21",57.77,"Groundwater Well"
"5712","TUNNELWEG","10.08.21",57.79,"Groundwater Well"
"5713","TUNNELWEG","11.08.21",57.8,"Groundwater Well"
"5714","TUNNELWEG","12.08.21",57.81,"Groundwater Well"
"5715","TUNNELWEG","13.08.21",57.81,"Groundwater Well"
"5716","TUNNELWEG","14.08.21",57.83,"Groundwater Well"
"5717","TUNNELWEG","15.08.21",57.8,"Groundwater Well"
"5718","TUNNELWEG","16.08.21",57.76,"Groundwater Well"
"5719","TUNNELWEG","17.08.21",57.8,"Groundwater Well"
"5720","TUNNELWEG","18.08.21",57.8,"Groundwater Well"
"5721","TUNNELWEG","19.08.21",57.78,"Groundwater Well"
"5722","TUNNELWEG","20.08.21",57.78,"Groundwater Well"
"5723","TUNNELWEG","21.08.21",57.8,"Groundwater Well"
"5724","TUNNELWEG","22.08.21",57.78,"Groundwater Well"
"5725","TUNNELWEG","23.08.21",57.8,"Groundwater Well"
"5726","TUNNELWEG","24.08.21",57.85,"Groundwater Well"
"5727","TUNNELWEG","25.08.21",57.86,"Groundwater Well"
"5728","TUNNELWEG","26.08.21",57.81,"Groundwater Well"
"5729","TUNNELWEG","27.08.21",57.8,"Groundwater Well"
"5730","TUNNELWEG","28.08.21",57.81,"Groundwater Well"
"5731","TUNNELWEG","29.08.21",57.82,"Groundwater Well"
"5732","TUNNELWEG","30.08.21",57.81,"Groundwater Well"
"5733","TUNNELWEG","31.08.21",57.83,"Groundwater Well"
"5734","TUNNELWEG","01.09.21",57.87,"Groundwater Well"
"5735","TUNNELWEG","02.09.21",57.88,"Groundwater Well"
"5736","TUNNELWEG","03.09.21",57.84,"Groundwater Well"
"5737","TUNNELWEG","04.09.21",57.81,"Groundwater Well"
"5738","TUNNELWEG","05.09.21",57.81,"Groundwater Well"
"5739","TUNNELWEG","06.09.21",57.83,"Groundwater Well"
"5740","TUNNELWEG","07.09.21",57.85,"Groundwater Well"
"5741","TUNNELWEG","08.09.21",57.82,"Groundwater Well"
"5742","TUNNELWEG","09.09.21",57.77,"Groundwater Well"
"5743","TUNNELWEG","10.09.21",57.76,"Groundwater Well"
"5744","TUNNELWEG","11.09.21",57.79,"Groundwater Well"
"5745","TUNNELWEG","12.09.21",57.81,"Groundwater Well"
"5746","TUNNELWEG","13.09.21",57.81,"Groundwater Well"
"5747","TUNNELWEG","14.09.21",57.8,"Groundwater Well"
"5748","TUNNELWEG","15.09.21",57.77,"Groundwater Well"
"5749","TUNNELWEG","16.09.21",57.78,"Groundwater Well"
"5750","TUNNELWEG","17.09.21",57.81,"Groundwater Well"
"5751","TUNNELWEG","18.09.21",57.79,"Groundwater Well"
"5752","TUNNELWEG","19.09.21",57.78,"Groundwater Well"
"5753","TUNNELWEG","20.09.21",57.79,"Groundwater Well"
"5754","TUNNELWEG","21.09.21",57.85,"Groundwater Well"
"5755","TUNNELWEG","22.09.21",57.89,"Groundwater Well"
"5756","TUNNELWEG","23.09.21",57.86,"Groundwater Well"
"5757","TUNNELWEG","24.09.21",57.81,"Groundwater Well"
"5758","TUNNELWEG","25.09.21",57.8,"Groundwater Well"
"5759","TUNNELWEG","26.09.21",57.78,"Groundwater Well"
"5760","TUNNELWEG","27.09.21",57.79,"Groundwater Well"
"5761","TUNNELWEG","28.09.21",57.82,"Groundwater Well"
"5762","TUNNELWEG","29.09.21",57.81,"Groundwater Well"
"5763","TUNNELWEG","30.09.21",57.85,"Groundwater Well"
"5764","TUNNELWEG","01.10.21",57.83,"Groundwater Well"
"5765","TUNNELWEG","02.10.21",57.78,"Groundwater Well"
"5766","TUNNELWEG","03.10.21",57.68,"Groundwater Well"
"5767","TUNNELWEG","04.10.21",57.75,"Groundwater Well"
"5768","TUNNELWEG","05.10.21",57.77,"Groundwater Well"
"5769","TUNNELWEG","06.10.21",57.74,"Groundwater Well"
"5770","TUNNELWEG","07.10.21",57.83,"Groundwater Well"
"5771","TUNNELWEG","08.10.21",57.88,"Groundwater Well"
"5772","TUNNELWEG","09.10.21",57.88,"Groundwater Well"
"5773","TUNNELWEG","10.10.21",57.87,"Groundwater Well"
"5774","TUNNELWEG","11.10.21",57.86,"Groundwater Well"
"5775","TUNNELWEG","12.10.21",57.86,"Groundwater Well"
"5776","TUNNELWEG","13.10.21",57.83,"Groundwater Well"
"5777","TUNNELWEG","14.10.21",57.86,"Groundwater Well"
"5778","TUNNELWEG","15.10.21",57.82,"Groundwater Well"
"5779","TUNNELWEG","16.10.21",57.83,"Groundwater Well"
"5780","TUNNELWEG","17.10.21",57.82,"Groundwater Well"
"5781","TUNNELWEG","18.10.21",57.83,"Groundwater Well"
"5782","TUNNELWEG","19.10.21",57.82,"Groundwater Well"
"5783","TUNNELWEG","20.10.21",57.77,"Groundwater Well"
"5784","TUNNELWEG","21.10.21",57.65,"Groundwater Well"
"5785","TUNNELWEG","22.10.21",57.77,"Groundwater Well"
"5786","TUNNELWEG","23.10.21",57.83,"Groundwater Well"
"5787","TUNNELWEG","24.10.21",57.86,"Groundwater Well"
"5788","TUNNELWEG","25.10.21",57.82,"Groundwater Well"
"5789","TUNNELWEG","26.10.21",57.8,"Groundwater Well"
"5790","TUNNELWEG","27.10.21",57.83,"Groundwater Well"
"5791","TUNNELWEG","28.10.21",57.82,"Groundwater Well"
"5792","TUNNELWEG","29.10.21",57.76,"Groundwater Well"
"5793","TUNNELWEG","30.10.21",57.71,"Groundwater Well"
"5794","TUNNELWEG","31.10.21",57.7,"Groundwater Well"
"5795","TUNNELWEG","01.11.21",57.66,"Groundwater Well"
